time,velocity,altitude,velocity_y,velocity_x,acceleration,downrange_distance,angle,q,propellant,mass flow rate,thrust,mass
0,0,0,0,0,9.777,0,90,0,517836.3967,2163.603346,5530063.1,550136.3967
1,9.752,0.005,3.462,0,10.448,0,90,58.22015841,515538.6394,2297.757217,5874898.598,547838.6394
2,3.854,0.012,5.66,0,11.203,0,90,9.085613538,513090.8072,2447.832203,6260675.325,545390.8072
3,5.277,0.016,7.741,0,11.975,0,90,17.02930061,510491.3694,2599.43786,6650349.84,542791.3694
4,8.611,0.023,9.968,0,12.534,0,90,45.31480891,507787.2524,2704.11694,6919458.978,540087.2524
5,11.611,0.033,12.254,0,12.807,0,90,82.3105148,505039.7346,2747.517839,7031119.029,537339.7346
6,13.983,0.046,14.808,0,12.926,0,90,119.2196977,502281.5701,2758.164454,7058636.279,534581.5701
7,17.222,0.062,17.597,0,12.99,0,90,180.589702,499524.4732,2757.096897,7056083.655,531824.4732
8,20.833,0.081,20.666,0,13.04,0,90,263.7757326,496771.5245,2752.948757,7045649.27,529071.5245
9,23.888,0.103,23.891,0,13.083,0,90,346.0641125,494024.317,2747.207497,7031155.67,526324.317
10,27.085,0.129,27.176,0,13.116,0,90,443.8044448,491285.048,2739.268994,7011061.812,523585.048
11,30.418,0.157,30.477,0,13.149,0,90,558.2032772,488553.7995,2731.248502,6990779.881,520853.7995
12,33.681,0.19,33.848,0,13.19,0,90,682.2832278,485829.1292,2724.670315,6974262.325,518129.1292
13,37.222,0.225,37.32,0,13.267,0,90,830.4276341,483103.9578,2725.171364,6975960.29,515403.9578
14,40.555,0.264,40.917,0,13.382,0,90,982.1115292,480371.0132,2732.944661,6996392.815,512671.0132
15,44.585,0.306,44.607,0,13.513,0,90,1182.128291,477627.4967,2743.516496,7024050.249,509927.4967
16,48.333,0.353,48.38,0,13.613,0,90,1382.998055,474879.9556,2747.541097,7034936.491,507179.9556
17,52.222,0.403,52.204,0,13.683,0,90,1606.6704,472134.5536,2745.402011,7030013.407,504434.5536
18,56.111,0.457,56.04,0,13.714,0,90,1845.165334,469399.0983,2735.45522,7005066.659,501699.0983
19,59.722,0.515,59.876,0,13.74,0,90,2078.578512,466674.6638,2724.434548,6977401.319,498974.6638
20,63.888,0.577,63.731,0,13.781,0,90,2364.434705,463958.4585,2716.205321,6956950.375,496258.4585
21,67.408,0.643,67.685,0,13.852,0,90,2615.409484,461244.8854,2713.573075,6950923.095,493544.8854
22,71.388,0.712,71.731,0,13.95,0,90,2913.570571,458529.0141,2715.871305,6957594.519,490829.0141
23,75.693,0.786,75.931,0,14.052,0,90,3252.124678,455810.4197,2718.59436,6965406.253,488110.4197
24,80.277,0.864,80.255,0,14.165,0,90,3630.157287,453087.3496,2723.070085,6977758.629,485387.3496
25,84.444,0.946,84.718,0,14.273,0,90,3984.513709,450361.0819,2726.26778,6986861.611,482661.0819
26,89.305,1.033,89.231,0,14.356,0,90,4418.598019,447636.6079,2724.473961,6983180.999,479936.6079
27,93.794,1.124,93.799,0,14.422,0,90,4830.279235,444917.3071,2719.300843,6970848.123,477217.3071
28,98.333,1.22,98.404,0,14.479,0,90,5259.025554,442205.038,2712.269046,6953780.111,474505.038
29,102.916,1.321,103.108,0,14.551,0,90,5703.655675,439497.2352,2707.80277,6943345.501,471797.2352
30,107.686,1.426,107.892,0,14.607,0,90,6179.764541,436796.9934,2700.241808,6924985.716,469096.9934
31,112.5,1.536,112.805,0,14.699,0,90,6671.33793,434097.9758,2699.017679,6922948.412,466397.9758
32,117.916,1.652,117.821,0,14.817,0,90,7245.540345,431395.807,2702.168752,6932200.294,463695.807
33,122.777,1.772,122.959,0,14.971,0,90,7761.401083,428684.3857,2711.421304,6957156.178,460984.3857
34,128.055,1.897,128.154,-0.01,15.068,0,90,8337.66382,425974.2662,2710.119543,6955018.833,458274.2662
35,133.333,2.028,133.435,-0.109,15.135,0,90,8921.236809,423271.0209,2703.245251,6938599.008,455571.0209
36,138.797,2.164,138.796,-0.388,15.192,0,90,9535.70436,420576.5645,2694.456385,6917285.996,452876.5645
37,143.888,2.306,144.281,-0.828,15.303,-0.001,90,10102.72234,417881.6404,2694.924077,6919796.812,450181.6404
38,149.722,2.452,149.847,-1.175,15.429,-0.002,90,10776.8688,415183.9192,2697.721194,6928308.339,447483.9192
39,155.555,2.605,155.5,-1.092,15.541,-0.003,89.837,11453.55484,412486.1794,2697.7398,6929718.165,444786.1794
40,161.167,2.763,161.224,-0.319,15.608,-0.004,89.673,12097.54262,409796.3925,2689.78694,6910660.139,442096.3925
41,166.944,2.927,167.034,1.399,15.653,-0.003,89.51,12763.70041,407118.447,2677.945543,6881633.91,439418.447
42,172.707,3.097,172.928,4.346,15.719,0,88.954,13423.21149,404448.8699,2669.577035,6861555.874,436748.8699
43,178.61,3.273,178.772,8.659,15.823,0.006,88.233,14098.12482,401781.4146,2667.455301,6857552.447,434081.4146
44,185,3.455,184.648,14.123,15.965,0.018,87.675,14841.85993,399109.9845,2671.43013,6869235.128,431409.9845
45,191.249,3.643,190.209,20.298,16.085,0.035,87.117,15553.18608,396438.5808,2671.403736,6870650.154,428738.5808
46,197.5,3.824,195.636,26.776,16.187,0.058,86.081,16274.27147,393770.2175,2668.363251,6864232.862,426070.2175
47,203.983,4.038,201.033,33.234,16.277,0.088,85.12,16973.43217,391107.5511,2662.666427,6851205.223,423407.5511
48,211.111,4.245,206.507,39.282,16.411,0.125,84.274,17785.20735,388443.362,2664.189093,6856640.441,420743.362
49,217.905,4.431,212.183,44.563,16.577,0.166,83.427,18578.8486,385772.3339,2671.028046,6875552.615,418072.3339
50,224.444,4.65,218.222,48.54,16.734,0.213,82.554,19253.37944,383096.7611,2675.572891,6888768.662,415396.7611
51,231.761,4.909,224.507,51.153,16.83,0.263,81.899,19964.26047,380427.2612,2669.49983,6874926.476,412727.2612
52,238.888,5.145,231.297,52.806,16.882,0.315,81.185,20677.43105,377770.4976,2656.763658,6843756.771,410070.4976
53,246.116,5.368,239.475,54.353,16.927,0.368,80.601,21421.00885,375127.3054,2643.192135,6810314.525,407427.3054
54,253.055,5.585,248.001,56.478,17.026,0.424,79.861,22113.05644,372489.0657,2638.239742,6798948.795,404789.0657
55,261.112,5.874,256.183,59.561,17.158,0.482,78.805,22804.98168,369851.7385,2637.327165,6798363.71,402151.7385
56,269.166,6.15,263.482,63.675,17.33,0.543,77.624,23502.14736,367209.0994,2642.639082,6813641.012,399509.0994
57,276.577,6.422,270.046,68.613,17.457,0.61,77.059,24070.62111,364568.2649,2640.8345,6810554.136,396868.2649
58,284.45,6.69,275.386,73.93,17.553,0.681,76.696,24702.79483,361934.041,2634.223894,6795044.824,394234.041
59,292.779,6.977,280.613,79.081,17.61,0.757,76.393,25332.49984,359312.6043,2621.436746,6763715.436,391612.6043
60,300.094,7.243,286.074,83.822,17.68,0.839,76.03,25815.20632,356701.6633,2610.940975,6738116.817,389001.6633
61,308.611,7.55,292.711,88.135,17.755,0.925,75.837,26353.7962,354100.9083,2600.755073,6713473.58,386400.9083
62,316.67,7.859,301.438,92.165,17.815,1.015,75.302,26770.25954,351512.5395,2588.368772,6683129.925,383812.5395
63,325.001,8.143,310.845,95.835,17.846,1.109,74.873,27274.71793,348940.476,2572.063464,6642546.653,381240.476
64,333.333,8.46,319.798,98.756,17.871,1.206,74.873,27637.26289,346385.7804,2554.69565,6599334.669,378685.7804
65,342.085,8.832,328.613,100.985,17.9,1.306,74.865,27841.63625,343848.2166,2537.563736,6556909.083,376148.2166
66,350.559,9.168,336.72,103.265,17.973,1.408,74.821,28078.3996,341320.8745,2527.34211,6532028.211,373620.8745
67,359.166,9.501,343.08,106.333,18.092,1.513,74.684,28306.29327,338797.0771,2523.797382,6524241.053,371097.0771
68,367.322,9.83,349.364,110.579,18.237,1.622,74.684,28432.90489,336273.1762,2523.900966,6525763.866,368573.1762
69,376.388,10.189,357.768,115.59,18.357,1.735,74.207,28555.02942,333753.1288,2520.047346,6517176.463,366053.1288
70,385.423,10.562,366.53,120.992,18.413,1.853,73.453,28574.77641,331246.1143,2507.014487,6484991.674,363546.1143
71,394.448,10.986,374.742,126.393,18.432,1.977,72.992,28363.0762,328757.5643,2488.550082,6438958.211,361057.5643
72,403.557,11.345,382.106,131.253,18.504,2.105,72.719,28351.39155,326279.4124,2478.15189,6413382.647,358579.4124
73,413.305,11.733,388.512,135.156,18.653,2.239,72.559,28275.50852,323801.2194,2478.19299,6414675.059,356101.2194
74,422.226,12.07,396.246,138.356,18.876,2.375,72.381,28231.2955,321312.7024,2488.516982,6442195.119,353612.7024
75,431.944,12.515,405.749,141.468,19.083,2.515,72.095,27850.29174,318817.1307,2495.571735,6461570.671,351117.1307
76,441.805,12.91,416.41,144.963,19.281,2.659,71.547,27629.59864,316315.7204,2501.410237,6477626.884,348615.7204
77,452.185,13.33,428.182,148.447,19.458,2.805,71.396,27333.01834,313811.7369,2503.983487,6485305.223,346111.7369
78,462.5,13.85,440.439,151.583,19.598,2.955,71.396,26606.40099,311310.8721,2500.864813,6478537.502,343610.8721
79,472.852,14.242,449.938,154.184,19.703,3.108,71.396,26319.80823,308817.1594,2493.712716,6461047.317,341117.1594
80,483.333,14.711,457.324,156.709,19.838,3.264,71.084,25721.85613,306327.1053,2490.054094,6452657.331,338627.1053
81,494.015,15.16,464.554,159.508,20.034,3.422,71.076,25178.74575,303832.8062,2494.299124,6464485.185,336132.8062
82,505.42,15.64,476.062,163.451,20.277,3.583,71.076,24559.49688,301328.6439,2504.162288,6490762.454,333628.6439
83,516.576,16.13,487.942,168.741,20.48,3.749,70.975,23843.16902,298820.2015,2508.442372,6502657.57,331120.2015
84,527.782,16.586,499.155,175.628,20.7,3.921,70.296,23220.37553,296305.5017,2514.699795,6519526.869,328605.5017
85,540.286,17.167,510.512,183.853,20.954,4.101,69.634,22235.16829,293781.1034,2524.39829,6545395.885,326081.1034
86,552.777,17.685,521.688,193.116,21.247,4.29,69.16,21444.4806,291242.3526,2538.750881,6583070.466,323542.3526
87,564.45,18.192,528.35,203.246,21.465,4.488,68.755,20605.80951,288699.0886,2543.263924,6595395.167,320999.0886
88,576.666,18.733,534.45,214.293,21.593,4.697,68.405,19673.85952,286162.8411,2536.247567,6578091.345,318462.8411
89,589.444,19.266,541.34,226.24,21.654,4.917,67.876,18796.45524,283641.8422,2520.998877,6539575.398,315941.8422
90,602.222,19.811,551.156,238.408,21.8,5.149,67.291,17868.68694,281125.7402,2516.10199,6527636.132,313425.7402
91,615.833,20.374,561.185,250.003,22.005,5.393,66.676,16923.89133,278607.6513,2518.088866,6533367.061,310907.6513
92,628.333,20.93,571.19,260.336,22.305,5.649,66.124,15944.5704,276076.5802,2531.071176,6567308.891,308376.5802
93,642.222,21.55,583.476,268.998,22.523,5.913,65.677,14857.48837,273542.9523,2533.627863,6574479.996,305842.9523
94,656.397,22.134,595.76,276.038,22.722,6.186,65.46,13896.60969,271009.2686,2533.683671,6575150.005,303309.2686
95,670,22.687,607.117,282.07,22.961,6.465,65.371,13003.41282,268471.1392,2538.129408,6587041.666,300771.1392
96,685.277,23.389,620.881,288.084,23.325,6.75,65.351,11823.8878,265914.8888,2556.250453,6634162.095,298214.8888
97,699.166,23.973,635.184,294.656,23.749,7.041,65.216,10912.4378,263334.271,2580.61776,6697209.493,295634.271
98,714.444,24.65,647.526,301.83,24.015,7.34,65.143,9866.23144,260748.2789,2585.992117,6711477.111,293048.2789
99,729.722,25.291,662.834,309.508,24.19,7.645,64.995,8940.220714,258167.5512,2580.727681,6698346.381,290467.5512
100,745,25.97,676.387,317.617,24.3,7.959,64.881,7983.927131,255599.581,2567.970179,6665950.326,287899.581
101,760.833,26.65,687.694,325.955,24.505,8.281,64.682,7091.224482,253033.9495,2565.631566,6660301.102,285333.9495
102,776.944,27.402,700.101,334.27,24.68,8.611,64.62,6146.389701,250474.3223,2559.627128,6645236.461,282774.3223
103,793.333,28.083,714.085,342.365,24.86,8.949,64.553,5381.232361,247920.3052,2554.017094,6631123.74,280220.3052
104,809.444,28.825,727.14,350.33,24.975,9.295,64.521,4590.715409,245379.1546,2541.150597,6598362.36,277679.1546
105,824.166,29.494,742.621,358.147,25.183,9.65,64.369,3945.437923,242840.9909,2538.163714,6590939.413,275140.9909
106,842.222,30.301,758.647,365.507,25.453,10.011,64.302,3247.451075,240299.7412,2541.249734,6599150.512,272599.7412
107,859.444,31.105,774.058,372.249,25.851,10.38,64.299,2630.226363,237742.5874,2557.153759,6640277.429,270042.5874
108,875.833,31.85,792.003,378.792,26.188,10.756,64.299,2134.234716,235176.6686,2565.918866,6663018.092,267476.6686
109,893.333,32.65,807.63,385.472,26.433,11.138,64.299,1674.885627,232612.1166,2564.551946,6659715.135,264912.1166
110,911.388,33.505,821.548,392.453,26.556,11.527,64.299,1261.265051,230061.713,2550.403595,6623557.375,262361.713
111,929.166,34.35,837.132,399.77,26.681,11.923,64.367,927.7630288,227525.304,2536.409004,6587773.112,259825.304
112,946.944,35.15,856.444,407.429,26.869,12.327,64.469,675.2658904,224996.688,2528.616005,6567901.256,257296.688
113,965.833,36.05,871.921,415.212,27.087,12.738,64.531,452.8259912,222473.2131,2523.474926,6554847.527,254773.2131
114,984.166,36.95,887.651,423.22,27.303,13.157,64.535,288.1388863,219955.406,2517.80706,6540423.878,252255.406
115,1003.333,37.85,904.724,431.264,27.425,13.584,64.55,172.1886227,217452.6304,2502.775623,6501921.4,249752.6304
116,1021.944,38.793,923.95,439.4,27.547,14.02,64.572,91.45035448,214964.944,2487.686405,6463262.649,247264.944
117,1040.555,39.672,940.185,447.634,27.637,14.463,64.572,45.45988148,212495.39,2469.554002,6416763.218,244795.39
118,1060.555,40.65,956.802,456.397,27.882,14.915,64.573,17.32060664,210029.486,2465.903979,6407483.176,242329.486
119,1081.388,41.687,976.335,465.6,28.25,15.376,64.592,4.405087569,207556.2887,2473.197284,6426321.558,239856.2887
120,1099.722,42.618,994.713,474.927,28.803,15.846,64.592,0.717149886,205059.6371,2496.651616,6486674.749,237359.6371
121,1121.666,43.702,1009.805,483.982,29.388,16.326,64.592,0.010524617,202537.9731,2521.663984,6551034.619,234837.9731
122,1140.833,44.65,1029.313,492.883,29.881,16.814,64.613,0,200000.8995,2537.073661,6590698.015,232300.8995
123,1161.944,45.687,1049.208,501.075,30.222,17.311,64.676,0,197462.9847,2537.914801,6592918.611,229762.9847
124,1184.166,46.815,1067.139,508.266,30.382,17.816,64.778,0,194940.7144,2522.270302,6552768.575,227240.7144
125,1205.833,47.914,1084.734,513.883,30.515,18.327,64.957,0,192436.5296,2504.184797,6506336.914,224736.5296
126,1227.5,49.011,1108.66,517.816,30.651,18.843,65.194,0,189950.2032,2486.326345,6460482.833,222250.2032
127,1248.333,50.05,1133.189,520.065,30.973,19.362,65.464,0,187466.051,2484.152276,6454930.639,219766.051
128,1271.666,51.25,1158.525,521.718,31.357,19.883,65.668,0,184979.4838,2486.567126,6461172.374,217279.4838
129,1295,52.488,1183.029,524.105,31.8,20.406,65.912,0,182486.3858,2493.098008,6477988.501,214786.3858
130,1317.222,53.65,1210.408,528.387,32.149,20.932,66.082,0,179995.3418,2491.044026,6472735.62,212295.3418
131,1341.388,54.92,1237.326,535.066,32.46,21.464,66.187,0,177510.0545,2485.28726,6457965.201,209810.0545
132,1364.722,56.15,1258.742,543.867,32.769,22.003,66.191,0,175031.1955,2478.85901,6441465.03,207331.1955
133,1389.166,57.401,1278.195,554.325,33.015,22.552,66.242,0,172564.224,2466.971516,6410932.107,204864.224
134,1414.444,58.804,1297.064,565.76,33.233,23.112,66.317,0,170111.6297,2452.594286,6373999.82,202411.6297
135,1439.166,60.073,1315.755,577.571,33.42,23.684,66.414,0,167676.0108,2435.618892,6330386.327,199976.0108
136,1463.333,61.35,1330.245,589.133,33.699,24.267,66.502,0,165250.5134,2425.497414,6304385.612,197550.5134
137,1490.555,62.838,1345.338,599.617,34.008,24.862,66.546,0,162833.2768,2417.23663,6283166.758,195133.2768
138,1513.055,64.025,1377.417,608.321,34.252,25.466,66.557,0,160429.5676,2403.709177,6248408.934,192729.5676
139,1538.611,65.45,1410.024,614.352,34.372,26.077,66.558,0,158048.7201,2380.847506,6189662.392,190348.7201
140,1564.444,66.98,1439.967,617.561,34.401,26.693,66.562,0,155697.2177,2351.502455,6114252.777,187997.2177
141,1590,68.45,1468.664,618.315,34.296,27.311,66.628,0,153384.2751,2312.94259,6015159.688,185684.2751
142,1614.593,69.912,1496.481,617.709,34.012,27.929,66.823,0,151121.805,2262.47011,5885450.23,183421.805
143,1641.111,71.45,1507.232,616.766,33.458,28.546,67.148,0,148927.4515,2194.353483,5710394.742,181227.4515
144,1665,73.001,1517.066,615.678,26.636,29.162,67.396,0,147231.7446,1695.706858,4428876.478,179531.7446
145,1669.722,74.45,1524.933,614.287,16.399,29.777,67.608,0,147231.7446,0,0,179531.7446
146,1663.611,76.05,1529.75,612.163,6.045,30.391,67.739,0,147231.7446,0,0,156731.7446
147,1655.277,77.614,1531.163,609.603,1.815,31.001,67.826,0,147231.7446,0,0,156731.7446
148,1648.055,79.05,1528.245,606.92,0.994,31.61,67.87,0,147231.7446,0,0,156731.7446
149,1639.166,80.65,1522.384,604.351,0.5,32.215,67.932,0,147231.7446,0,0,156731.7446
150,1630.277,82.15,1515.717,601.999,0.191,32.818,68.026,0,147231.7446,0,0,156731.7446
151,1621.944,83.65,1508.034,600.006,0.068,33.419,68.059,0,147231.7446,0,0,156731.7446
152,1612.777,85.15,1499.896,598.341,0.067,34.019,68.144,0,147231.7446,0,0,156731.7446
153,1603.888,86.65,1493.254,596.937,0.314,34.616,68.146,0,147231.7446,0,0,156731.7446
154,1595,88.15,1487.608,595.82,0.925,35.213,68.146,0,147231.7446,0,0,156731.7446
155,1587.866,89.583,1481.748,595.215,2.629,35.808,68.146,0,109905.5086,94.49136782,316546.0822,119405.5086
156,1584.349,91.104,1475.885,595.436,4.627,36.404,68.146,0,109739.4346,166.0739893,556347.8641,119239.4346
157,1582.5,92.45,1470.941,596.551,6.45,37,68.08,0,109508.3737,231.0608987,774054.0107,119008.3737
158,1580.972,93.999,1466.612,598.96,7.202,37.597,67.86,0,109250.9271,257.44662,862446.1771,118750.9271
159,1579.722,95.45,1462.339,602.857,7.535,38.198,67.67,0,108982.1814,268.7457423,900298.2367,118482.1814
160,1578.65,96.95,1458.279,608.375,7.711,38.804,67.426,0,108707.79,274.3914234,919211.2684,118207.79
161,1577.777,98.35,1454.354,615.081,7.821,39.416,67.108,0,108430.1325,277.6574824,930152.5661,117930.1325
162,1576.861,99.837,1450.123,622.467,7.871,40.034,66.802,0,108151.3549,278.7775566,933904.8146,117651.3549
163,1575.995,101.408,1444.743,630.015,7.894,40.661,66.483,0,107872.42,278.9348907,934431.8837,117372.42
164,1575.166,102.661,1438.843,637.162,7.907,41.294,66.347,0,107593.6837,278.7363453,933766.7569,117093.6837
165,1574.388,104.147,1432.468,643.297,7.929,41.934,66.216,0,107314.8318,278.851881,934153.8014,116814.8318
166,1573.611,105.553,1426.977,648.019,7.955,42.58,66.189,0,107035.7283,279.1034981,934996.7187,116535.7283
167,1572.892,107.059,1422.67,651.46,7.989,43.23,66.138,0,106756.0988,279.6295442,936758.973,116256.0988
168,1572.222,108.41,1420.317,653.942,8.026,43.882,66.131,0,106475.8456,280.2531751,938848.1367,115975.8456
169,1571.642,109.706,1419.035,655.993,8.082,44.537,66.131,0,106194.3162,281.5293921,943123.4635,115694.3162
170,1571.003,111.281,1419.361,657.62,8.162,45.194,66.131,0,105910.6911,283.6250928,950144.0608,115410.6911
171,1570.593,112.662,1421.247,659.013,8.262,45.853,66.138,0,105624.2974,286.3937149,959418.945,115124.2974
172,1570.305,114.284,1427.768,660.43,8.353,46.512,66.186,0,105335.4694,288.827963,967573.6761,114835.4694
173,1570.043,115.649,1433.991,661.735,8.412,47.173,66.186,0,105045.3299,290.1394971,971967.3153,114545.3299
174,1569.801,117.074,1437.6,662.659,8.444,47.836,66.186,0,104754.819,290.5109527,973211.6914,114254.819
175,1569.59,118.411,1439.33,662.651,8.466,48.498,66.186,0,104464.2853,290.5336238,973287.6398,113964.2853
176,1569.402,119.808,1438.935,661.694,8.48,49.16,66.17,0,104174.0061,290.2792751,972435.5715,113674.0061
177,1569.245,121.352,1432.516,659.861,8.492,49.821,65.713,0,103884.051,289.9550333,971349.3614,113384.051
178,1569.132,122.846,1425.262,657.327,8.505,50.48,65.395,0,103594.3875,289.6635122,970372.7659,113094.3875
179,1569.065,124.188,1419.746,654.437,8.523,51.136,65.395,0,103304.8476,289.5399153,969958.7162,112804.8476
180,1568.998,125.655,1415.78,651.704,8.549,51.789,65.395,0,103015.1637,289.6839207,970441.1344,112515.1637
181,1568.931,127.073,1413.326,649.603,8.58,52.439,65.392,0,102725.1721,289.9916347,971471.9763,112225.1721
182,1569.041,128.408,1415.003,648.433,8.621,53.088,65.389,0,102434.5426,290.6294602,973608.6917,111934.5426
183,1569.213,129.762,1418.985,648.267,8.652,53.737,65.389,0,102143.6194,290.9231628,974592.5953,111643.6194
184,1569.28,131.242,1424.329,648.711,8.675,54.385,65.392,0,101852.6763,290.9431245,974659.467,111352.6763
185,1569.348,132.709,1429.901,649.532,8.688,55.034,65.459,0,101562.0509,290.6254025,973595.0983,111062.0509
186,1569.415,134.164,1434.09,650.421,8.701,55.684,65.459,0,101271.7447,290.3062538,972525.9502,110771.7447
187,1569.53,135.553,1434.755,651.173,8.72,56.335,65.459,0,100981.5598,290.1848363,972119.2016,110481.5598
188,1569.682,137.091,1433.715,651.676,8.747,56.987,65.592,0,100691.2345,290.3252921,972589.7284,110191.2345
189,1569.883,138.408,1432.355,651.875,8.784,57.638,65.592,0,100400.4436,290.7908946,974149.4969,109900.4436
190,1570.125,139.888,1430.762,652.019,8.82,58.29,65.592,0,100109.2277,291.2159368,975573.3883,109609.2277
191,1570.406,141.314,1429.613,652.275,8.85,58.942,65.592,0,99817.79114,291.4365527,976312.4516,109317.7911
192,1570.709,142.695,1428.991,652.851,8.871,59.595,65.401,0,99526.43457,291.3565675,976044.5011,109026.4346
193,1571.061,144.179,1428.841,653.902,8.888,60.248,65.149,0,99235.2921,291.1424705,975327.2762,108735.2921
194,1571.441,145.55,1428.721,655.482,8.906,60.903,64.949,0,98944.33353,290.9585774,974711.2344,108444.3335
195,1571.856,146.982,1427.827,657.576,8.929,61.56,64.749,0,98653.39899,290.9345372,974630.6996,108153.399
196,1572.33,148.398,1426.927,660.222,8.951,62.218,64.628,0,98362.52482,290.8741671,974428.4597,107862.5248
197,1572.823,149.884,1426.028,663.448,8.972,62.88,64.553,0,98071.747,290.7778251,974105.7141,107571.747
198,1573.316,151.313,1425.187,667.217,8.992,63.546,64.546,0,97781.10113,290.6458691,973663.6613,107281.1011
199,1573.888,152.682,1423.686,671.403,9.019,64.215,64.494,0,97490.36528,290.7358521,973965.1044,106990.3653
200,1574.444,154.043,1422.244,675.831,9.042,64.889,64.371,0,97199.67261,290.6926686,973820.4397,106699.6726
201,1575.107,155.451,1420.801,680.32,9.064,65.567,64.114,0,96909.05896,290.6136449,973555.7104,106409.059
202,1575.748,156.934,1419.184,684.737,9.075,66.249,63.871,0,96618.87872,290.1802461,972103.8243,106118.8787
203,1576.428,158.357,1417.393,688.976,9.087,66.936,63.668,0,96329.10079,289.7779221,970756.0389,105829.1008
204,1577.139,159.79,1415.982,692.966,9.098,67.627,63.614,0,96039.75789,289.3429007,969298.7173,105539.7579
205,1577.87,161.17,1415.292,696.646,9.116,68.322,63.589,0,95750.62931,289.1285782,968580.7368,105250.6293
206,1578.611,162.628,1414.602,700.039,9.134,69.02,63.584,0,95461.71758,288.9117398,967854.3283,104961.7176
207,1579.413,163.904,1414.254,703.206,9.154,69.722,63.57,0,95172.96226,288.7553124,967330.2966,104672.9623
208,1580.202,165.413,1413.865,706.233,9.175,70.426,63.49,0,94884.33502,288.6272459,966901.2738,104384.335
209,1581.028,166.742,1413.602,709.169,9.202,71.134,63.267,0,94595.65138,288.683637,967090.184,104095.6514
210,1582,168.219,1413.079,712.084,9.238,71.845,63.081,0,94306.63535,289.0160291,968203.6974,103806.6354
211,1582.917,169.645,1412.51,715.051,9.274,72.558,62.928,0,94017.29404,289.3413089,969293.3849,103517.294
212,1583.923,171.038,1411.729,718.075,9.307,73.275,62.9,0,93727.72764,289.5664063,970047.4611,103227.7276
213,1585,172.5,1411.162,721.12,9.334,73.995,62.897,0,93438.12809,289.5995485,970158.4876,102938.1281
214,1586.007,173.879,1410.811,724.063,9.362,74.717,62.864,0,93148.46929,289.6587969,970356.9695,102648.4693
215,1587.103,175.27,1410.742,726.774,9.385,75.443,62.845,0,92858.91007,289.5592152,970023.3711,102358.9101
216,1588.254,176.677,1410.813,729.094,9.409,76.17,62.754,0,92569.42345,289.4866284,969780.2052,102069.4234
217,1589.365,178.043,1411.023,731.024,9.436,76.901,62.584,0,92279.92155,289.5018925,969831.3398,101779.9216
218,1590.595,179.5,1411.303,732.669,9.472,77.632,62.456,0,91990.13452,289.7870311,970786.5542,101490.1345
219,1591.898,180.91,1411.896,734.278,9.506,78.366,62.349,0,91700.13021,290.0043098,971514.4378,101200.1302
220,1593.167,182.31,1412.779,736.03,9.54,79.101,62.317,0,91409.91511,290.2151015,972220.5902,100909.9151
221,1594.491,183.75,1413.949,738.086,9.569,79.838,62.307,0,91119.64693,290.2681795,972398.4015,100619.6469
222,1595.88,185.188,1414.713,740.467,9.597,80.577,62.282,0,90829.361,290.2859336,972457.8775,100329.361
223,1597.279,186.546,1414.784,743.276,9.619,81.319,62.173,0,90539.24265,290.1183508,971896.475,100039.2426
224,1598.704,187.945,1413.85,746.616,9.636,82.064,62.023,0,90249.44514,289.7975085,970821.6534,99749.44514
225,1600.231,189.41,1412.985,750.717,9.651,82.813,61.803,0,89960.03029,289.4148514,969539.7523,99460.03029
226,1601.713,190.799,1411.982,755.617,9.665,83.566,61.637,0,89671.02939,289.0008952,968152.9991,99171.02939
227,1603.333,192.22,1411.535,761.204,9.684,84.324,61.49,0,89382.29502,288.7343716,967260.145,98882.29502
228,1604.889,193.677,1410.452,767.077,9.709,85.089,61.396,0,89093.65181,288.6432136,966954.7654,98593.65181
229,1606.388,194.991,1409.252,772.876,9.745,85.859,61.254,0,88804.77865,288.8731546,967725.068,98304.77865
230,1608.112,196.413,1406.859,778.329,9.782,86.634,61.11,0,88515.65295,289.1257066,968571.1171,98015.65295
231,1609.793,197.779,1404.951,783.452,9.813,87.415,60.909,0,88226.4581,289.1948458,968802.7333,97726.4581
232,1611.597,199.258,1403.528,788.319,9.834,88.201,60.726,0,87937.49264,288.9654635,968034.3026,97437.49264
233,1613.39,200.646,1404.091,793.028,9.847,88.992,60.559,0,87648.99319,288.4994436,966473.136,97148.99319
234,1615.167,202.101,1404.736,797.521,9.86,89.787,60.474,0,87360.96063,288.0325588,964909.0719,96860.96063
235,1617.001,203.455,1405.645,801.782,9.882,90.586,60.373,0,87073.13445,287.8261835,964217.7146,96573.13445
236,1618.888,204.831,1405.278,805.814,9.915,91.39,60.278,0,86785.1993,287.9351496,964582.7511,96285.1993
237,1620.833,206.262,1404.699,809.796,9.953,92.198,60.119,0,86497.01682,288.1824801,965411.3084,95997.01682
238,1622.872,207.684,1403.729,813.863,9.982,93.01,59.957,0,86208.85331,288.1635145,965347.7737,95708.85331
239,1624.931,209.066,1403.487,818.162,9.997,93.826,59.744,0,85921.11543,287.7378779,963921.8909,95421.11543
240,1626.944,210.5,1403.347,822.663,10.017,94.646,59.606,0,85633.66143,287.453996,962970.8866,95133.66143
241,1628.983,211.881,1403.417,827.232,10.051,95.471,59.489,0,85346.09454,287.5668944,963349.0962,94846.09454
242,1631.205,213.271,1403.308,831.593,10.104,96.301,59.43,0,85057.88056,288.2139777,965516.8252,94557.88056
243,1633.473,214.683,1403.513,835.555,10.142,97.134,59.333,0,84769.45584,288.4247227,966222.8211,94269.45584
244,1635.741,216.101,1404.259,839.021,10.166,97.972,59.21,0,84481.22327,288.2325719,965579.1157,93981.22327
245,1637.963,217.5,1405.005,841.996,10.177,98.812,59.045,0,84193.55273,287.6705332,963696.2862,93693.55273
246,1640.277,218.883,1405.622,844.343,10.192,99.655,58.9,0,83906.33204,287.2206973,962189.3361,93406.33204
247,1642.64,220.269,1406.555,845.995,10.206,100.5,58.78,0,83619.59038,286.7416536,960584.5394,93119.59038
248,1645,221.759,1408.395,847.016,10.231,101.347,58.708,0,83333.02153,286.5688487,960005.6433,92833.02153
249,1647.57,223.152,1410.95,847.776,10.269,102.194,58.694,0,83046.26732,286.7542147,960626.6191,92546.26732
250,1650.094,224.548,1414.107,848.731,10.323,103.043,58.677,0,82758.89074,287.3765759,962711.5291,92258.89074
251,1652.64,225.909,1417.65,850.419,10.377,103.892,58.575,0,82470.90296,287.9877791,964759.0601,91970.90296
252,1654.862,227.267,1420.54,853.404,10.431,104.744,58.374,0,82182.31513,288.5878296,966769.2292,91682.31513
253,1657.918,228.756,1421.873,858.237,10.485,105.6,58.128,0,81893.1384,289.1767332,968742.0561,91393.1384
254,1660.65,230.183,1420.772,865.181,10.528,106.462,57.875,0,81603.68539,289.4530148,969667.5997,91103.68539
255,1663.428,231.597,1417.949,874.088,10.555,107.331,57.662,0,81314.4015,289.2838829,969101.0079,90814.4015
256,1666.252,233.022,1414.028,884.419,10.561,108.21,57.469,0,81025.86281,288.5386976,966604.6371,90525.86281
257,1669.166,234.455,1409.272,895.436,10.559,109.1,57.272,0,80738.28518,287.5776278,963385.0532,90238.28518
258,1672.015,235.766,1403.025,906.274,10.555,110.001,57.063,0,80451.71939,286.5657905,959995.3981,89951.71939
259,1674.908,237.162,1397.825,916.157,10.553,110.912,56.82,0,80166.10762,285.6117712,956799.4337,89666.10762
260,1678.055,238.587,1395.711,924.428,10.565,111.833,56.574,0,79881.07,285.0376133,954876.0046,89381.07
261,1680.928,239.973,1396.207,930.958,10.6,112.76,56.369,0,79595.99015,285.0798494,955017.4956,89095.99015
262,1683.888,241.372,1397.959,935.886,10.642,113.694,56.288,0,79310.68707,285.3030841,955765.3318,88810.68707
263,1687.13,242.813,1401.676,939.636,10.682,114.632,56.267,0,79025.22187,285.4652,956308.42,88525.22187
264,1690.277,244.111,1405.651,942.553,10.706,115.573,56.252,0,78740.02673,285.1951421,955403.7261,88240.02673
265,1693.333,245.5,1408.235,945.19,10.748,116.517,56.157,0,78454.62841,285.3983123,956084.3462,87954.62841
266,1696.807,247.044,1408.978,948.331,10.798,117.463,56.064,0,78168.82365,285.8047635,957445.9578,87668.82365
267,1699.862,248.357,1408.893,952.474,10.863,118.414,55.945,0,77882.22779,286.5958628,960096.1405,87382.22779
268,1703.611,249.881,1407.927,957.817,10.92,119.369,55.872,0,77595.06418,287.1636122,961998.1008,87095.06418
269,1706.944,251.258,1408.002,964.306,10.978,120.33,55.729,0,77307.31828,287.7458926,963948.7401,86807.31828
270,1710.555,252.684,1408.05,971.896,11.012,121.298,55.579,0,77019.6269,287.6913825,963766.1314,86519.6269
271,1713.888,254.07,1407.356,980.193,11.028,122.274,55.325,0,76732.46284,287.1640598,961999.6002,86232.46284
272,1717.431,255.457,1404.887,988.767,11.013,123.259,55.068,0,76446.62904,285.8337987,957543.2256,85946.62904
273,1720.972,256.785,1401.666,997.321,10.997,124.252,54.687,0,76162.14439,284.4846573,953023.6018,85662.14439
274,1724.861,258.349,1402.747,1005.744,10.989,125.253,54.397,0,75878.79615,283.3482361,949216.5909,85378.79615
275,1728.472,259.723,1399.33,1013.83,11.028,126.263,54.158,0,75595.37531,283.4208355,949459.799,85095.37531
276,1732.222,261.103,1396.34,1021.278,11.109,127.281,54.061,0,75310.8164,284.5589133,953272.3594,84810.8164
277,1735.741,262.365,1396.725,1027.971,11.208,128.305,53.875,0,75024.67891,286.1374929,958560.6012,84524.67891
278,1739.814,263.843,1399.75,1033.843,11.279,129.336,53.708,0,74737.69504,286.9838694,961395.9623,84237.69504
279,1743.888,265.251,1398.497,1039.085,11.306,130.373,53.483,0,74450.99178,286.7032576,960455.9131,83950.99178
280,1747.916,266.708,1401.347,1043.985,11.302,131.414,53.332,0,74165.35362,285.6381572,956887.8267,83665.35362
281,1751.944,268.013,1404.92,1048.616,11.287,132.46,53.184,0,73881.05245,284.3011758,952408.939,83381.05245
282,1755.972,269.5,1407.3,1053.147,11.274,133.511,53.107,0,73598.03119,283.0212548,948121.2037,83098.03119
283,1760.277,270.936,1408.492,1057.686,11.295,134.567,53.033,0,73315.43557,282.5956253,946695.3447,82815.43557
284,1764.305,272.285,1408.488,1062.476,11.345,135.627,52.973,0,73032.54699,282.8885808,947676.7456,82532.54699
285,1768.333,273.648,1408.774,1067.434,11.437,136.692,52.837,0,72748.33469,284.2122996,952111.2038,82248.33469
286,1772.638,275.095,1409.713,1072.748,11.509,137.762,52.641,0,72463.31237,285.022317,954824.7621,81963.31237
287,1777.083,276.5,1411.307,1078.555,11.565,138.837,52.425,0,72177.88855,285.4238153,956169.7811,81677.88855
288,1781.527,277.922,1413.264,1085.021,11.576,139.919,52.249,0,71893.17709,284.711468,953783.418,81393.17709
289,1786.111,279.405,1414.669,1091.954,11.587,141.008,52.11,0,71609.17737,283.9997129,951399.0382,81109.17737
290,1790.555,280.728,1415.524,1099.27,11.613,142.103,51.918,0,71325.5237,283.6536737,950239.8067,80825.5237
291,1795.277,282.179,1414.724,1106.959,11.667,143.206,51.708,0,71041.54007,283.9836263,951345.148,80541.54007
292,1799.722,283.5,1413.018,1115.145,11.735,144.317,51.469,0,70756.89837,284.6417022,953549.7024,80256.89837
293,1804.583,285.009,1410.405,1123.994,11.785,145.437,51.259,0,70472.04597,284.8524065,954255.5617,79972.04597
294,1809.444,286.412,1408.54,1133.66,11.822,146.566,50.998,0,70187.30408,284.7418832,953885.3089,79687.30408
295,1814.166,287.803,1407.033,1144.173,11.842,147.705,50.794,0,69903.08518,284.2189059,952133.3347,79403.08518
296,1819.166,289.184,1406.333,1155.474,11.862,148.855,50.552,0,69619.39078,283.6943921,950376.2135,79119.39078
297,1824.166,290.624,1404.71,1167.406,11.878,150.016,50.296,0,69336.31742,283.0733667,948295.7783,78836.31742
298,1828.611,291.871,1400.602,1179.713,11.878,151.19,49.974,0,69054.24419,282.0732276,944945.3125,78554.24419
299,1834.166,293.405,1395.319,1192.036,11.892,152.376,49.71,0,68772.83745,281.4067412,942712.5829,78272.83745
300,1839.444,294.874,1390.23,1203.974,11.927,153.574,49.453,0,68491.60376,281.233689,942132.858,77991.60376
301,1844.444,296.233,1385.335,1215.071,11.996,154.783,49.268,0,68209.75236,281.8513998,944202.1893,77709.75236
302,1849.444,297.547,1381.546,1224.922,12.037,156.003,49.099,0,67927.9502,281.8021602,944037.2366,77427.9502
303,1855,299.013,1380.79,1233.273,12.063,157.232,48.952,0,67646.55263,281.3975714,942681.8644,77146.55263
304,1860.277,300.332,1382.293,1240.172,12.087,158.469,48.741,0,67365.60886,280.9437655,941161.6143,76865.60886
305,1865.416,301.658,1386.665,1245.94,12.123,159.712,48.529,0,67084.84436,280.764498,940561.0682,76584.84436
306,1871.249,303.23,1392.387,1251.194,12.159,160.96,48.283,0,66804.2645,280.5798663,939942.552,76304.2645
307,1876.666,304.592,1398.096,1256.467,12.18,162.214,48.066,0,66524.21824,280.0462621,938154.9781,76024.21824
308,1882.222,305.949,1402.08,1262.171,12.219,163.474,47.87,0,66244.29628,279.9219571,937738.5562,75744.29628
309,1887.915,307.36,1403.009,1268.405,12.261,164.739,47.74,0,65964.43644,279.8598374,937530.4552,75464.43644
310,1893.333,308.747,1401.069,1275.193,12.306,166.011,47.602,0,65684.57751,279.8589286,937527.4109,75184.57751
311,1899.166,310.184,1399.062,1282.4,12.367,167.29,47.471,0,65404.36578,280.2117289,938709.2917,74904.36578
312,1905.277,311.594,1398.158,1289.731,12.46,168.576,47.354,0,65123.09303,281.2727579,942263.7391,74623.09303
313,1911.388,312.96,1398.801,1296.865,12.569,169.869,47.249,0,64840.42027,282.6727589,946953.7423,74340.42027
314,1916.805,314.268,1402.342,1303.584,12.646,171.169,47.122,0,64557.08537,283.334896,949171.9016,74057.08537
315,1923.333,315.723,1407.19,1309.925,12.706,172.476,46.982,0,64273.48183,283.6035403,950071.8601,73773.48183
316,1929.444,317.127,1411.946,1316.224,12.779,173.789,46.833,0,63989.33282,284.1490102,951899.1841,73489.33282
317,1935.833,318.594,1415.68,1323.039,12.852,175.109,46.673,0,63704.65276,284.6800589,953678.1973,73204.65276
318,1942.361,320.03,1418.376,1330.949,12.909,176.436,46.505,0,63419.80775,284.8450144,954230.7982,72919.80775
319,1948.611,321.406,1418.76,1340.379,12.917,177.771,46.33,0,63135.88098,283.9267685,951154.6746,72635.88098
320,1955.138,322.812,1416.601,1351.472,12.922,179.117,46.112,0,62852.93571,282.9452643,947866.6353,72352.93571
321,1961.944,324.294,1411.864,1364.011,12.924,180.475,45.87,0,62571.03421,281.9015063,944370.0461,72071.03421
322,1968.333,325.678,1405.833,1377.548,12.939,181.846,45.609,0,62289.8914,281.1428074,941828.4048,71789.8914
323,1975.138,327.042,1399.663,1391.477,12.952,183.23,45.318,0,62009.55,280.3414005,939143.6916,71509.55
324,1981.805,328.453,1394.682,1405.201,12.947,184.629,45.009,0,61730.39569,279.1543084,935166.933,71230.39569
325,1988.333,329.81,1391.377,1418.128,12.928,186.04,44.706,0,61452.72262,277.673074,930204.798,70952.72262
326,1995.555,331.25,1389.632,1429.732,12.896,187.464,44.445,0,61176.79904,275.9235822,924344.0004,70676.79904
327,2002.222,332.621,1389.446,1439.748,12.931,188.899,44.221,0,60901.19044,275.6085951,923288.7936,70401.19044
328,2008.888,333.97,1390.626,1448.17,13.031,190.343,44.042,0,60624.52665,276.6637931,926823.7067,70124.52665
329,2016.111,335.407,1393.385,1455.317,13.197,191.795,43.889,0,60345.43792,279.0887296,934947.2442,69845.43792
330,2023.333,336.885,1397.535,1461.709,13.304,193.253,43.776,0,60065.19929,280.2386302,938799.4113,69565.19929
331,2030,338.15,1402.698,1467.889,13.382,194.718,43.674,0,59784.43918,280.760109,940546.3651,69284.43918
332,2037.5,339.6,1407.522,1474.386,13.428,196.189,43.565,0,59503.83872,280.6004616,940011.5463,69003.83872
333,2044.722,340.999,1412.116,1481.639,13.501,197.667,43.407,0,59222.84524,280.9934727,941328.1337,68722.84524
334,2052.5,342.401,1415.129,1489.977,13.541,199.153,43.233,0,58942.15384,280.6914045,940316.2052,68442.15384
335,2060,343.889,1415.768,1499.546,13.579,200.648,43.044,0,58661.81108,280.342756,939148.2327,68161.81108
336,2067.916,345.277,1414.282,1510.316,13.616,202.153,42.854,0,58381.84238,279.9687062,937895.1658,67881.84238
337,2075.277,346.649,1411.335,1522.094,13.682,203.669,42.638,0,58101.66091,280.18147,938607.9245,67601.66091
338,2082.777,348.064,1407.997,1534.561,13.716,205.197,42.422,0,57821.9285,279.7324093,937103.5713,67321.9285
339,2091.11,349.5,1404.659,1547.301,13.75,206.738,42.194,0,57542.64897,279.2795294,935586.4233,67042.64897
340,2098.888,350.911,1402.224,1559.907,13.784,208.292,41.972,0,57263.82611,278.8228594,934056.5791,66763.82611
341,2106.666,352.273,1400.412,1572.032,13.849,209.858,41.745,0,56984.84176,278.9843503,934597.5735,66484.84176
342,2114.722,353.642,1400.242,1583.48,13.884,211.435,41.539,0,56706.30673,278.5350336,933092.3626,66206.30673
343,2122.777,355.046,1401.013,1594.194,13.906,213.024,41.346,0,56428.48359,277.8231322,930707.4929,65928.48359
344,2130.972,356.453,1402.579,1604.242,13.931,214.623,41.18,0,56151.31361,277.169985,928519.4499,65651.31361
345,2139.444,357.883,1404.164,1613.738,13.989,216.232,41.048,0,55874.14706,277.1665502,928507.9432,65374.14706
346,2147.222,359.277,1406.521,1622.9,14.066,217.851,40.928,0,55596.62018,277.5268834,929715.0594,65096.62018
347,2156.111,360.648,1409.061,1631.932,14.174,219.478,40.821,0,55318.14067,278.4795003,932906.3259,64818.14067
348,2164.444,362.097,1411.673,1641.049,14.314,221.115,40.721,0,55038.1071,280.0335717,938112.4651,64538.1071
349,2173.333,363.5,1413.978,1650.38,14.47,222.76,40.632,0,54756.23911,281.867994,944257.7799,64256.23911
350,2181.666,364.958,1416.398,1660.103,14.561,224.416,40.51,0,54473.82601,282.4130987,946083.8805,63973.82601
351,2190.833,366.359,1418.439,1670.281,14.618,226.081,40.354,0,54191.53917,282.2868417,945660.9196,63691.53917
352,2200,367.744,1420.191,1681.011,14.656,227.756,40.169,0,53909.75131,281.7878553,943989.3153,63409.75131
353,2208.888,369.224,1420.629,1692.233,14.723,229.443,39.968,0,53627.91392,281.837396,944155.2766,63127.91392
354,2217.777,370.597,1420.531,1703.961,14.758,231.141,39.756,0,53346.64562,281.2682973,942248.7961,62846.64562
355,2226.944,372.077,1419.899,1716.083,14.793,232.851,39.543,0,53065.94977,280.6958492,940331.095,62565.94977
356,2236.388,373.5,1419.099,1728.49,14.828,234.573,39.345,0,52785.82969,280.1200844,938402.2826,62285.82969
357,2245.833,374.917,1417.641,1740.93,14.895,236.308,39.149,0,52505.68946,280.1402223,938469.7446,62005.68946
358,2254.166,376.236,1416.706,1753.229,14.93,238.055,38.945,0,52226.13686,279.552604,936501.2233,61726.13686
359,2264.166,377.657,1416.38,1765.266,14.965,239.814,38.736,0,51947.17508,278.9617836,934521.975,61447.17508
360,2273.611,379.151,1416.759,1777.074,15.002,241.586,38.536,0,51668.77033,278.404744,932655.8925,61168.77033
361,2283.333,380.5,1417.782,1788.693,15.071,243.368,38.372,0,51390.33771,278.4326208,932749.2797,60890.33771
362,2293.333,381.961,1420.019,1800.239,15.113,245.163,38.22,0,51112.3831,277.9546107,931147.9458,60612.3831
363,2302.777,383.355,1422.814,1811.807,15.155,246.969,38.089,0,50834.91129,277.4718151,929530.5805,60334.91129
364,2312.5,384.784,1424.49,1823.505,15.199,248.787,37.953,0,50557.89072,277.0205615,928018.8811,60057.89072
365,2322.5,386.22,1424.661,1835.323,15.304,250.616,37.828,0,50280.22489,277.6658393,930180.5616,59780.22489
366,2332.222,387.597,1424.347,1847.349,15.407,252.457,37.678,0,50001.97,278.2548812,932153.8519,59501.97
367,2342.5,389.072,1423.939,1859.585,15.51,254.311,37.523,0,49723.14583,278.8241767,934060.9918,59223.14583
368,2352.777,390.549,1423.822,1872.124,15.55,256.177,37.37,0,49444.89415,278.2516729,932143.1041,58944.89415
369,2363.055,391.959,1424.096,1884.898,15.557,258.055,37.191,0,49167.804,277.0901573,928252.0268,58667.804
370,2373.333,393.311,1425.215,1897.806,15.56,259.947,36.981,0,48891.94172,275.8622726,924138.6132,58391.94172
371,2383.888,394.793,1426.263,1910.749,15.592,261.851,36.742,0,48616.79276,275.148965,921749.0327,58116.79276
372,2394.444,396.205,1426.848,1923.7,15.654,263.768,36.508,0,48341.83453,274.9582321,921110.0777,57841.83453
373,2405.277,397.677,1426.681,1936.663,15.719,265.698,36.294,0,48067.02406,274.8104631,920615.0513,57567.02406
374,2415.555,399.073,1426.7,1949.583,15.788,267.641,36.118,0,47792.30202,274.722049,920318.8642,57292.30202
375,2426.388,400.546,1426.738,1962.339,15.86,269.597,35.98,0,47517.62752,274.6744992,920159.5724,57017.62752
376,2436.666,401.958,1427.068,1974.833,15.933,271.566,35.839,0,47242.99494,274.6325786,920019.1383,56742.99494
377,2447.5,403.142,1427.67,1986.965,16.007,273.547,35.702,0,46968.39892,274.5960184,919896.6615,56468.39892
378,2458.888,404.712,1429.47,1998.744,16.111,275.54,35.557,0,46693.34163,275.0572916,921441.927,56193.34163
379,2470,406.207,1432.909,2010.278,16.216,277.544,35.424,0,46417.82537,275.5162556,922979.4562,55917.82537
380,2481.388,407.596,1437.885,2021.76,16.325,279.56,35.323,0,46141.80226,276.023111,924677.4219,55641.80226
381,2492.5,409.077,1442.746,2033.37,16.407,281.588,35.271,0,45865.74472,276.0575443,924792.7736,55365.74472
382,2503.888,410.5,1447.059,2045.327,16.489,283.627,35.213,0,45589.66636,276.0783608,924862.5085,55089.66636
383,2515.555,411.931,1449.899,2057.764,16.567,285.679,35.11,0,45313.64705,276.0193106,924664.6906,54813.64705
384,2527.222,413.349,1451.31,2070.787,16.641,287.743,34.974,0,45037.76527,275.8817767,924203.9518,54537.76527
385,2539.166,414.888,1450.936,2084.381,16.712,289.821,34.811,0,44762.08171,275.6835551,923539.9096,54262.08171
386,2551.111,416.356,1450.155,2098.537,16.781,291.912,34.634,0,44486.63968,275.44203,922730.8005,53986.63968
387,2562.5,417.758,1449.421,2113.108,16.852,294.018,34.468,0,44211.41676,275.222924,921996.7952,53711.41676
388,2575.277,419.23,1449.191,2127.852,16.954,296.138,34.327,0,43935.92224,275.4945151,922906.6257,53435.92224
389,2587.777,420.709,1448.812,2142.516,17.087,298.273,34.189,0,43659.67557,276.2466795,925426.3764,53159.67557
390,2599.166,422.077,1449.342,2157.045,17.217,300.423,33.996,0,43382.7504,276.9251682,927699.3136,52882.7504
391,2611.388,423.5,1450.55,2171.366,17.313,302.587,33.792,0,43105.71287,277.0375245,928075.707,52605.71287
392,2624.444,424.998,1452.754,2185.59,17.409,304.766,33.574,0,42828.57937,277.1335039,928397.2382,52328.57937
393,2637.5,426.5,1454.896,2199.765,17.537,306.959,33.396,0,42550.86206,277.7173039,930352.968,52050.86206
394,2649.722,427.95,1457.125,2214.02,17.67,309.165,33.228,0,42272.50678,278.355282,932490.1948,51772.50678
395,2662.5,429.406,1458.508,2228.338,17.744,311.387,33.109,0,41994.45852,278.0482603,931461.672,51494.45852
396,2675.555,430.846,1459.306,2242.752,17.789,313.622,32.999,0,41717.17752,277.2810062,928891.3708,51217.17752
397,2688.888,432.324,1459.338,2257.326,17.835,315.872,32.897,0,41440.65169,276.5258277,926361.5229,50940.65169
398,2700.555,433.595,1459.929,2272.198,17.909,318.137,32.76,0,41164.45505,276.1966345,925258.7256,50664.45505
399,2715.277,435.227,1461.048,2287.502,17.95,320.417,32.611,0,40889.10151,275.3535439,922434.3721,50389.10151
400,2728.611,436.73,1462.661,2303.352,18.02,322.712,32.444,0,40614.15314,274.94837,921077.0396,50114.15314
401,2741.944,438.124,1463.716,2319.756,18.12,325.024,32.283,0,40339.16637,274.9867745,921205.6945,49839.16637
402,2755,439.5,1464.075,2336.67,18.281,327.352,32.099,0,40063.242,275.9243663,924346.627,49563.242
403,2769.722,441.104,1462.453,2354.019,18.377,329.697,31.907,0,39787.38193,275.860065,924131.2178,49287.38193
404,2784.444,442.651,1459.24,2371.743,18.475,332.06,31.704,0,39511.57185,275.8100865,923963.7899,49011.57185
405,2798.333,444.067,1454.802,2389.64,18.572,334.441,31.532,0,39235.84228,275.729571,923694.0628,48735.84228
406,2812.222,445.5,1450.953,2407.589,18.731,336.84,31.346,0,38959.29836,276.5439157,926422.1176,48459.29836
407,2825.833,446.916,1447.904,2425.388,18.827,339.256,31.144,0,38682.89052,276.4078447,925966.2797,48182.89052
408,2840.277,448.406,1446.546,2442.947,18.86,341.69,30.922,0,38407.54832,275.3421974,922396.3613,47907.54832
409,2854.722,449.818,1446.678,2460.1,18.862,344.142,30.717,0,38133.71871,273.8296126,917329.2022,47633.71871
410,2869.166,451.244,1448.196,2476.811,18.895,346.61,30.511,0,37860.94852,272.7701858,913780.1223,47360.94852
411,2883.888,452.74,1450.356,2493.2,18.961,349.095,30.302,0,37588.7661,272.1824161,911811.0941,47088.7661
412,2898.888,454.196,1452.411,2509.362,19.03,351.597,30.138,0,37317.13622,271.6298813,909960.1023,46817.13622
413,2913.611,455.69,1454.03,2525.459,19.105,354.114,30.019,0,37045.9822,271.1540268,908365.9899,46545.9822
414,2928.333,457.158,1454.676,2541.523,19.18,356.647,29.917,0,36775.31339,270.6688092,906740.5108,46275.31339
415,2943.611,458.55,1455.895,2557.714,19.254,359.197,29.785,0,36505.15302,270.1603631,905037.2163,46005.15302
416,2958.888,460.051,1457.637,2574.11,19.325,361.763,29.636,0,36235.55167,269.601354,903164.536,45735.55167
417,2973.888,461.5,1460.44,2590.831,19.456,364.345,29.463,0,35965.69004,269.8616315,904036.4654,45465.69004
418,2990.277,462.978,1462.654,2607.946,19.616,366.945,29.285,0,35695.19305,270.4969871,906164.9069,45195.19305
419,3005.277,464.404,1465.249,2625.541,19.807,369.562,29.101,0,35423.66765,271.5253986,909610.0852,44923.66765
420,3022.222,465.96,1466.194,2643.603,19.905,372.196,28.921,0,35152.41057,271.2570843,908711.2324,44652.41057
421,3038.055,467.409,1466.033,2662.135,20.034,374.849,28.74,0,34881.01853,271.3920374,909163.3252,44381.01853
422,3053.888,468.813,1463.171,2681.103,20.13,377.521,28.55,0,34609.95483,271.0636987,908063.3908,44109.95483
423,3069.722,470.271,1459.845,2700.517,20.317,380.211,28.343,0,34338.02227,271.9325667,910974.0984,43838.02227
424,3086.388,471.744,1456.519,2720.251,20.411,382.922,28.124,0,34066.48598,271.5362822,909646.5454,43566.48598
425,3103.055,473.195,1454.316,2740.237,20.536,385.652,27.91,0,33794.95132,271.5346628,909641.1203,43294.95132
426,3119.722,474.692,1452.697,2760.286,20.57,388.402,27.711,0,33524.62697,270.3243513,905586.5768,43024.62697
427,3135.833,476.124,1451.033,2780.355,20.636,391.173,27.524,0,33255.09558,269.5313888,902930.1524,42755.09558
428,3153.055,477.5,1448.937,2800.326,20.703,393.963,27.347,0,32986.34994,268.7456426,900297.9028,42486.34994
429,3169.722,478.989,1446.792,2820.28,20.83,396.773,27.156,0,32717.62661,268.723332,900223.1622,42217.62661
430,3187.222,480.353,1445.746,2840.217,20.988,399.604,26.96,0,32448.55073,269.0758754,901404.1827,41948.55073
431,3204.166,481.891,1444.331,2860.189,21.146,402.454,26.763,0,32179.14975,269.4009852,902493.3005,41679.14975
432,3221.944,483.349,1443.205,2880.262,21.306,405.324,26.581,0,31909.4258,269.7239481,903575.226,41409.4258
433,3239.166,484.755,1442.17,2900.539,21.436,408.214,26.415,0,31639.78151,269.6442855,903308.3565,41139.78151
434,3256.944,486.183,1441.183,2921.092,21.505,411.125,26.254,0,31370.99472,268.7867885,900435.7415,40870.99472
435,3275,487.645,1439.011,2942.032,21.542,414.057,26.088,0,31103.46581,267.5289136,896221.8605,40603.46581
436,3292.777,489.139,1436.039,2963.351,21.607,417.009,25.886,0,30836.8493,266.6165083,893165.3029,40336.8493
437,3310,490.407,1433.381,2985.032,21.76,419.984,25.66,0,30570.07769,266.7716091,893684.8906,40070.07769
438,3328.611,491.962,1430.464,3006.98,21.942,422.98,25.403,0,30302.82528,267.2524156,895295.5922,39802.82528
439,3348.611,493.407,1426.725,3029.148,22.094,425.998,25.165,0,30035.48468,267.3405966,895590.9985,39535.48468
440,3366.944,494.79,1421.715,3051.478,22.189,429.038,24.952,0,29768.76123,266.7234457,893523.543,39268.76123
441,3385.833,496.311,1417.088,3073.904,22.256,432.101,24.787,0,29502.99803,265.7632013,890306.7242,39002.99803
442,3405.277,497.638,1413.791,3096.392,22.325,435.186,24.622,0,29238.17571,264.8223202,887154.7728,38738.17571
443,3422.777,499.032,1411.581,3118.868,22.424,438.293,24.456,0,28973.94771,264.228001,885163.8035,38473.94771
444,3441.388,500.353,1407.354,3141.155,22.583,441.423,24.274,0,28709.628,264.3197102,885471.0292,38209.628
445,3461.388,501.797,1404.135,3163.261,22.834,444.576,24.086,0,28444.17982,265.4481797,889251.4021,37944.17982
446,3480.277,503.168,1403.109,3185.252,23.085,447.75,23.888,0,28177.6504,266.5294207,892873.5595,37677.6504
447,3501.388,504.737,1403.294,3207.314,23.339,450.946,23.72,0,27910.05272,267.5976778,896452.2205,37410.05272
448,3521.944,506.111,1402.461,3229.513,23.534,454.165,23.574,0,27642.10161,267.9511103,897636.2194,37142.10161
449,3541.666,507.544,1403.224,3251.991,23.73,457.405,23.451,0,27373.8193,268.2823081,898745.7321,36873.8193
450,3561.666,508.873,1403.548,3274.788,23.862,460.669,23.296,0,27105.95267,267.8666396,897353.2425,36605.95267
451,3582.5,510.311,1401.604,3297.952,24.051,463.955,23.116,0,26837.88891,268.0637511,898013.5663,36337.88891
452,3604.166,511.74,1397.793,3321.539,24.298,467.265,22.883,0,26569.02232,268.8665983,900703.1042,36069.02232
453,3623.611,513.141,1395.14,3345.601,24.603,470.598,22.641,0,26298.76559,270.2567253,905360.0298,35798.76559
454,3646.111,514.5,1392.286,3370.192,24.784,473.956,22.388,0,26028.51997,270.2456235,905322.8389,35528.51997
455,3667.777,515.91,1388.48,3395.314,24.843,477.339,22.153,0,25759.62508,268.8948853,900797.8659,35259.62508
456,3689.722,517.311,1382.935,3420.879,24.811,480.747,21.925,0,25493.05088,266.5742046,893023.5853,34993.05088
457,3711.388,518.681,1376.165,3446.654,24.812,484.181,21.714,0,25228.42589,264.624986,886493.7032,34728.42589
458,3731.944,520.027,1367.774,3472.373,24.874,487.64,21.503,0,24965.09491,263.3309764,882158.7709,34465.09491
459,3753.611,521.323,1360.107,3498.022,24.998,491.126,21.289,0,24702.41137,262.6835461,879989.8794,34202.41137
460,3775.833,522.68,1354.006,3523.548,25.153,494.636,21.075,0,24440.06882,262.3425525,878847.5509,33940.06882
461,3798.611,524.071,1350.805,3549.043,25.31,498.173,20.874,0,24178.06825,262.0005694,877701.9073,33678.06825
462,3821.944,525.456,1349.281,3574.494,25.53,501.735,20.691,0,23915.78911,262.2791332,878635.0961,33415.78911
463,3844.166,526.757,1348.964,3600.103,25.782,505.322,20.517,0,23652.94398,262.8451348,880531.2017,33152.94398
464,3866.666,528.094,1347.637,3625.969,26.035,508.935,20.337,0,23389.56641,263.3775706,882314.8614,32889.56641
465,3890,529.409,1344.531,3652.122,26.255,512.574,20.152,0,23126.02868,263.5377263,882851.383,32626.02868
466,3914.166,530.826,1339.177,3678.65,26.475,516.239,19.963,0,22862.3664,263.6622837,883268.6504,32362.3664
467,3937.5,532.155,1333.094,3705.549,26.724,519.931,19.769,0,22598.33064,264.0357576,884519.788,32098.33064
468,3961.944,533.456,1326.554,3732.918,26.912,523.651,19.572,0,22334.55644,263.7742038,883643.5828,31834.55644
469,3986.388,534.809,1320.776,3760.715,27.037,527.397,19.367,0,22071.67868,262.8777542,880640.4765,31571.67868
470,4011.111,536.106,1314.718,3788.812,27.099,531.172,19.154,0,21810.31237,261.3663149,875577.1549,31310.31237
471,4035.277,537.415,1308.806,3816.963,27.16,534.975,18.93,0,21550.46442,259.8479444,870490.6137,31050.46442
472,4059.166,538.677,1302.464,3845.046,27.159,538.806,18.706,0,21292.71566,257.7487655,863458.3646,30792.71566
473,4085.555,540.031,1297.198,3873.136,27.189,542.665,18.481,0,21036.75955,255.9561061,857452.9555,30536.75955
474,4109.721,541.291,1292.503,3901.37,27.313,546.552,18.269,0,20781.71552,255.0440287,854397.4961,30281.71552
475,4136.111,542.592,1288.174,3929.792,27.656,550.468,18.073,0,20525.58313,256.1323961,858043.527,30025.58313
476,4161.111,543.896,1282.526,3958.479,28.092,554.412,17.892,0,20267.57633,258.0067924,864322.7544,29767.57633
477,4185.277,545.075,1275.983,3987.46,28.529,558.385,17.713,0,20007.76854,259.8077996,870356.1285,29507.76854
478,4211.111,546.336,1269.591,4016.786,28.965,562.387,17.523,0,19746.25132,261.5172148,876082.6695,29246.25132
479,4239.722,547.589,1263.583,4046.422,29.37,566.419,17.334,0,19483.38209,262.8692334,880611.9319,28983.38209
480,4266.666,548.946,1258.562,4076.508,29.774,570.48,17.142,0,19219.24454,264.1375483,884860.7869,28719.24454
481,4294.166,550.186,1254.117,4106.995,30.056,574.572,16.957,0,18954.97625,264.2682884,885298.7662,28454.97625
482,4322.222,551.375,1249.837,4137.856,30.338,578.695,16.769,0,18690.62249,264.3537627,885585.105,28190.62249
483,4351.111,552.672,1244.41,4168.922,30.558,582.848,16.585,0,18426.75864,263.8638479,883943.8905,27926.75864
484,4377.777,553.893,1237.527,4200.201,30.809,587.032,16.398,0,18163.15176,263.6068784,883083.0426,27663.15176
485,4407.5,555.158,1229.841,4231.686,30.967,591.248,16.213,0,17900.61982,262.5319385,879481.994,27400.61982
486,4436.111,556.344,1222.533,4263.521,31.155,595.496,16.02,0,17638.92779,261.6920285,876668.2954,27138.92779
487,4465,557.581,1215.893,4295.764,31.311,599.776,15.816,0,17378.36082,260.5669719,872899.3557,26878.36082
488,4493.333,558.735,1209.4,4328.475,31.528,604.088,15.603,0,17118.43426,259.9265657,870753.9952,26618.43426
489,4522.777,559.943,1203.393,4361.623,31.82,608.433,15.39,0,16858.56869,259.8655688,870549.6556,26358.56869
490,4554.166,561.135,1196.715,4395.284,32.27,612.811,15.17,0,16597.54251,261.0261781,874437.6968,26097.54251
491,4586.111,562.376,1186.362,4429.366,32.826,617.224,14.956,0,16334.59551,262.9469947,880872.4324,25834.59551
492,4615.833,563.579,1175.203,4463.964,33.292,621.67,14.743,0,16070.53987,264.0556458,884586.4133,25570.53987
493,4646.796,564.723,1163.763,4498.828,33.569,626.152,14.543,0,15806.92874,263.6111316,883097.2908,25306.92874
494,4678.333,565.841,1152.321,4533.942,33.694,630.668,14.338,0,15544.97075,261.9579835,877559.2446,25044.97075
495,4710,567.005,1141.494,4569.067,33.772,635.22,14.135,0,15285.02689,259.9438592,870811.9283,24785.02689
496,4743.055,568.128,1134.697,4604.24,33.974,639.806,13.931,0,15026.1536,258.8732962,867225.5424,24526.1536
497,4776.388,569.27,1129.061,4639.525,34.284,644.428,13.735,0,14767.56459,258.5890103,866273.1843,24267.56459
498,4808.333,570.389,1123.697,4675.13,34.811,649.085,13.536,0,14507.70098,259.8636056,870543.0789,24007.70098
499,4842.5,571.5,1118.367,4711.201,35.369,653.779,13.337,0,14246.43039,261.2705959,875256.4963,23746.43039
500,4873.055,572.572,1113.287,4747.799,36.019,658.508,13.137,0,13983.1886,263.2417822,881859.9703,23483.1886
501,4910,573.694,1107.914,4784.947,36.607,663.274,12.935,0,13718.5414,264.6472074,886568.1449,23218.5414
502,4946.111,574.824,1100.86,4822.675,37.165,668.078,12.731,0,13452.80823,265.7331695,890206.1178,22952.80823
503,4980.833,575.92,1086.465,4861.03,37.538,672.92,12.535,0,13187.38227,265.4259569,889176.9557,22687.38227
504,5016.388,577.048,1072.064,4899.926,37.758,677.801,12.351,0,12923.37635,264.0059236,884419.8441,22423.37635
505,5052.5,578.076,1058.162,4939.321,37.855,682.72,12.17,0,12661.64971,261.7266417,876784.2496,22161.64971
506,5088.333,579.036,1045.356,4979.192,38.054,687.679,11.981,0,12401.50231,260.1473937,871493.769,21901.50231
507,5124.722,580.087,1035.035,5019.337,38.513,692.679,11.778,0,12141.20951,260.2928065,871980.9017,21641.20951
508,5164.244,581.171,1032.528,5059.721,39.139,697.718,11.566,0,11879.74065,261.4688565,875920.6693,21379.74065
509,5202.23,582.131,1029.421,5100.318,39.654,702.798,11.353,0,11617.93038,261.810272,877064.4112,21117.93038
510,5241.111,583.205,1023.167,5141.195,39.925,707.919,11.155,0,11357.43542,260.4949579,872658.1091,20857.43542
511,5279.166,584.24,1011.73,5182.317,40.045,713.081,10.975,0,11099.24386,258.1915583,864941.7204,20599.24386
512,5319.166,585.233,999.18,5223.701,40.128,718.284,10.813,0,10843.57963,255.6642279,856475.1635,20343.57963
513,5357.638,586.215,986.529,5265.322,40.304,723.528,10.656,0,10589.84674,253.7328905,850005.1831,20089.84674
514,5396.111,587.153,974.64,5307.194,40.528,728.815,10.495,0,10337.75347,252.0932754,844512.4725,19837.75347
515,5435.833,588.115,965.289,5349.209,40.859,734.143,10.321,0,10086.66377,251.0897,841150.4948,19586.66377
516,5476.944,589.059,960.832,5391.448,41.205,739.513,10.139,0,9836.524515,250.1392515,837966.4926,19336.52452
517,5515.555,590.029,956.004,5433.756,41.612,744.926,9.962,0,9587.013823,249.5106923,835860.8192,19087.01382
518,5557.222,591.026,947.955,5476.067,42.082,750.381,9.797,0,9337.815332,249.198491,834814.9448,18837.81533
519,5598.611,591.955,938.84,5518.466,42.43,755.878,9.643,0,9089.698641,248.1166906,831190.9134,18589.69864
520,5636.944,592.876,929.036,5561.024,42.656,761.418,9.499,0,8843.396574,246.3020669,825111.9243,18343.39657
521,5679.444,593.796,918.544,5603.68,42.665,767,9.353,0,8600.140605,243.2559698,814907.4989,18100.1406
522,5719.166,594.685,908.337,5646.401,42.612,772.625,9.195,0,8360.238373,239.9022321,803672.4775,17860.23837
523,5760.833,595.619,901.536,5689.101,42.434,778.293,9.029,0,8124.32653,235.9118424,790304.672,17624.32653
524,5799.444,596.471,895.252,5731.765,42.287,784.003,8.86,0,7892.162537,232.1639932,777749.3772,17392.16254
525,5842.777,597.376,888.052,5774.327,42.109,789.756,8.695,0,7663.845707,228.3168295,764861.3789,17163.84571
526,5883.888,598.296,876.283,5816.898,42.086,795.552,8.535,0,7438.484791,225.3609167,754959.0709,16938.48479
527,5921.944,599.139,864.76,5859.414,42.018,801.39,8.387,0,7216.275105,222.2096858,744402.4474,16716.2751
528,5962.5,599.992,852.952,5901.805,42.013,807.271,8.245,0,6996.843792,219.4313129,735094.8982,16496.84379
529,6004.999,600.81,841.12,5944.068,41.884,813.194,8.102,0,6780.787522,216.05627,723788.5046,16280.78752
530,6041.666,601.583,829.733,5986.423,41.801,819.159,7.951,0,6567.816832,212.97069,713451.8114,16067.81683
531,6085.277,602.471,822.271,6028.731,41.732,825.166,7.798,0,6357.813762,210.0030698,703510.2839,15857.81376
532,6125.971,603.315,814.204,6070.98,41.741,831.216,7.646,0,6150.350396,207.4633659,695002.2759,15650.3504
533,6165,604.089,805.852,6113.012,41.643,837.308,7.498,0,5945.915395,204.4350014,684857.2548,15445.91539
534,6204.722,604.874,797.229,6154.796,41.343,843.442,7.348,0,5745.427423,200.4879719,671634.7059,15245.42742
535,6245.416,605.688,786.346,6196.15,40.734,849.618,7.192,0,5550.265773,195.1616496,653791.526,15050.26577
536,6286.944,606.475,773.609,6237.049,39.915,855.834,7.027,0,5361.279808,188.9859652,633102.9835,14861.27981
537,6325,607.228,759.836,6277.311,38.876,862.091,6.851,0,5179.324755,181.9550535,609549.4292,14679.32475
538,6360.833,607.966,744.683,6316.948,37.876,868.389,6.661,0,5004.032004,175.2927511,587230.7162,14504.032
539,6397.5,608.692,727.006,6355.791,37.006,874.725,6.456,0,4834.636907,169.3950965,567473.5734,14334.63691
540,6432.5,609.405,706.682,6393.837,36.319,881.1,6.244,0,4670.169626,164.4672808,550965.3907,14170.16963
541,6468.055,610.116,684.084,6430.971,35.493,887.512,6.029,0,4511.127847,159.0417793,532789.9607,14011.12785
542,6501.388,610.775,660.148,6467.278,34.598,893.961,5.809,0,4357.681263,153.446584,514046.0563,13857.68126
543,6534.444,611.379,634.858,6502.899,33.798,900.446,5.58,0,4209.279996,148.4012673,497144.2453,13709.28
544,6566.666,611.995,608.412,6538.018,33.294,906.967,5.344,0,4064.530303,144.7496931,484911.4719,13564.5303
545,6598.888,612.597,584.56,6572.709,33.012,913.522,5.102,0,3922.407167,142.1231359,476112.5054,13422.40717
546,6630.277,613.145,563.192,6607.132,32.823,920.112,4.855,0,3782.468816,139.9383504,468793.474,13282.46882
547,6662.222,613.679,540.058,6641.256,32.633,926.736,4.606,0,3644.682717,137.7860988,461583.4311,13144.68272
548,6695,614.212,512.851,6675.11,32.32,933.394,4.358,0,3509.522193,135.1605246,452787.7573,13009.52219
549,6725.555,614.708,484.152,6708.609,31.872,940.086,4.112,0,3377.491326,132.0308667,442303.4035,12877.49133
550,6754.999,615.154,455.058,6741.727,31.301,946.811,3.869,0,3249.026171,128.4651547,430358.2682,12749.02617
551,6789.722,615.568,425.336,6774.342,30.742,953.57,3.625,0,3124.002563,125.023608,418829.0868,12624.00256
552,6820.177,615.961,396.548,6806.383,30.143,960.36,3.378,0,3002.508204,121.4943596,407006.1048,12502.5082
553,6849.444,616.334,370.306,6837.809,29.667,967.182,3.128,0,2883.982056,118.526148,397062.5957,12383.98206
554,6878.055,616.683,345.025,6868.695,29.261,974.035,2.882,0,2768.090238,115.8918175,388237.5885,12268.09024
555,6906.666,617.005,318.492,6899.199,29.062,980.919,2.642,0,2653.976547,114.1136915,382280.8664,12153.97655
556,6934.999,617.297,290.246,6929.403,28.956,987.833,2.412,0,2541.253403,112.7231443,377622.5335,12041.2534
557,6963.611,617.558,261.254,6959.42,29.048,994.778,2.194,0,2429.144214,112.1091884,375565.7811,11929.14421
558,6991.944,617.787,232.952,6990.015,29.341,1001.753,1.99,0,2316.88741,112.256804,376060.2935,11816.88741
559,7021.666,617.988,206.772,7021.663,29.848,1008.758,1.8,0,2203.699345,113.1880651,379180.0181,11703.69935
560,7053.055,618.165,183.919,7053.055,30.325,1015.796,1.624,0,2089.734066,113.9652793,381783.6855,11589.73407
561,7083.611,618.324,164.918,7083.611,30.629,1022.864,1.463,0,1975.669208,114.0648574,382117.2722,11475.66921
562,7113.969,618.468,149.552,7113.969,30.701,1029.963,1.318,0,1862.374504,113.2947044,379537.2596,11362.3745
563,7145.423,618.602,137.145,7144.908,30.62,1037.092,1.19,0,1750.402171,111.9723327,375107.3145,11250.40217
564,7178.332,618.728,126.853,7169.022,30.407,1044.249,1.079,0,1640.208938,110.1932338,369147.3332,11140.20894
565,7208.329,618.845,117.845,7188.835,23.23,1051.428,0.983,0,1640.208938,0,0,11140.20894
566,7217.314,618.954,109.551,7204.04,13.802,1058.625,0.9,0,1640.208938,0,0,11140.20894
567,7219.305,619.055,101.68,7214.678,4.044,1065.834,0.826,0,1640.208938,0,0,11140.20894
568,7219.747,619.149,94.083,7219.747,1.105,1073.051,0.76,0,1640.208938,0,0,11140.20894
569,7219.842,619.235,86.733,7219.842,0.436,1080.271,0.699,0,1640.208938,0,0,11140.20894
570,7219.937,619.314,79.628,7219.937,0.198,1087.491,0.642,0,1640.208938,0,0,11140.20894
571,7219.97,619.387,72.769,7219.97,0.119,1094.711,0.587,0,1640.208938,0,0,11140.20894
572,7219.879,619.453,66.155,7219.879,0.08,1101.931,0.534,0,1640.208938,0,0,11140.20894
573,7219.788,619.512,59.787,7219.788,0.054,1109.151,0.484,0,1640.208938,0,0,11140.20894
574,7219.716,619.565,53.664,7219.633,0.041,1116.37,0.435,0,1640.208938,0,0,11140.20894
575,7219.695,619.613,47.788,7219.576,0.034,1123.59,0.388,0,1640.208938,0,0,11140.20894
576,7219.673,619.654,42.157,7219.559,0.028,1130.81,0.344,0,1640.208938,0,0,11140.20894
577,7219.651,619.691,36.771,7219.551,0.021,1138.029,0.301,0,1640.208938,0,0,11140.20894
